timestamp,open,high,low,close,volume
2024-07-26,2981.0500,3109.0000,2981.0500,3081.3500,174872
2024-07-25,2968.2500,3016.6000,2944.4000,2975.5000,35080
2024-07-24,2990.0500,3007.0000,2960.0000,2968.8500,22531
2024-07-23,3001.0500,3037.8500,2889.6500,2986.1500,81057
2024-07-22,3000.0500,3026.0000,2972.2500,3000.1500,66725
2024-07-19,3090.5500,3094.0000,3000.0000,3006.0500,28876
2024-07-18,3091.0500,3110.9500,3057.5500,3090.5500,66396
2024-07-16,3128.1500,3138.0000,3096.9500,3110.0000,44798
2024-07-15,3065.0000,3103.2000,3058.2500,3090.1000,20725
2024-07-12,3085.9000,3098.0000,3059.0000,3063.9500,24375
2024-07-11,3105.6000,3129.0000,3073.1000,3077.9500,66896
2024-07-10,3120.0000,3127.0000,3065.0000,3097.6000,28289
2024-07-09,3110.0500,3158.0000,3099.5500,3108.9000,48796
2024-07-08,3147.5500,3158.2000,3073.5000,3112.5000,64530
2024-07-05,3142.0000,3158.0000,3123.2000,3147.5500,89990
2024-07-04,3189.0000,3189.6500,3140.1000,3144.9500,33711
2024-07-03,3151.4000,3194.1500,3148.0000,3189.6500,28748
2024-07-02,3171.1500,3207.5500,3130.2000,3150.6000,63110
2024-07-01,3175.5500,3192.9500,3157.0500,3182.8500,34352
2024-06-28,3180.6500,3211.4000,3157.4000,3175.5500,28571
2024-06-27,3171.1500,3203.0000,3150.4000,3174.8500,35262
2024-06-26,3171.3500,3188.0000,3165.0000,3169.3500,28515
2024-06-25,3209.9500,3209.9500,3157.0000,3169.4000,29852
2024-06-24,3193.9500,3214.0000,3135.1000,3194.5000,54113
2024-06-21,3265.1000,3276.3500,3177.3500,3187.9500,65686
2024-06-20,3269.9500,3315.5500,3241.6000,3258.2500,42838
2024-06-19,3310.5500,3316.6000,3226.3000,3260.5500,61402
2024-06-18,3300.0000,3351.0000,3285.5000,3307.9000,164381
2024-06-14,3224.0000,3275.0000,3222.0000,3263.5000,68430
2024-06-13,3236.4500,3253.0000,3207.0000,3224.0000,52840
2024-06-12,3221.9500,3244.7500,3207.2500,3215.6500,142666
2024-06-11,3225.0000,3264.7000,3197.6000,3221.9500,104900
2024-06-10,3290.7000,3295.0000,3204.2000,3218.4500,126675
2024-06-07,3170.0000,3233.7500,3152.1000,3218.7000,117840
2024-06-06,3193.9500,3221.0000,3137.5500,3183.3500,465504
2024-06-05,3029.0000,3152.4500,2750.0000,3117.0500,576710
2024-06-04,3550.0000,3550.0000,2734.0500,2939.9500,2137243
2024-06-03,3743.0000,3743.0000,3587.0500,3645.3500,668847
2024-05-31,3225.7000,3431.5000,3222.6000,3411.4500,351787
2024-05-30,3259.9500,3274.0000,3175.0000,3193.1000,128929
2024-05-29,3244.3500,3321.0000,3211.6500,3259.2000,126174
2024-05-28,3313.9000,3328.8000,3230.9000,3244.3500,79442
2024-05-27,3364.9500,3364.9500,3267.9500,3288.1000,127720
2024-05-24,3403.0000,3456.2500,3355.5000,3384.6500,341745
2024-05-23,3150.1500,3409.0500,3135.7000,3391.2000,337401
2024-05-22,3130.0000,3145.0000,3075.0000,3139.6000,47214
2024-05-21,3060.0500,3174.7500,3034.9500,3115.7500,238452
2024-05-17,3044.9500,3089.6000,3015.7000,3060.2500,42412
2024-05-16,3054.0500,3077.7000,2975.8500,3040.9000,132328
2024-05-15,3042.6500,3118.5000,3040.0000,3052.6000,113373
2024-05-14,2897.8500,3045.0000,2876.0000,3037.0500,224335
2024-05-13,2813.6500,2889.0000,2790.9000,2880.5000,110417
2024-05-10,2791.2500,2809.9500,2761.0500,2799.2000,71900
2024-05-09,2898.5000,2898.5000,2757.6500,2766.7500,62503
2024-05-08,2863.8500,2890.9000,2821.0000,2860.1000,41253
2024-05-07,2887.0000,2905.0000,2822.1000,2835.4000,116682
2024-05-06,2990.4500,2996.0000,2850.0000,2875.1500,223282
2024-05-03,3034.6000,3044.1500,2976.0000,2993.3000,81367
2024-05-02,3068.8500,3119.5500,3015.4500,3037.1500,82362
2024-04-30,3097.8500,3108.0000,3045.1000,3054.3000,28585
2024-04-29,3119.0000,3119.0000,3052.0000,3079.5500,29658
2024-04-26,3101.0500,3130.5500,3066.3500,3079.9000,60459
2024-04-25,3045.3500,3121.3500,3026.8000,3116.4000,40285
2024-04-24,3065.3500,3087.8500,3040.4500,3042.8500,22535
2024-04-23,3055.3500,3091.6000,3043.5000,3063.2500,64147
2024-04-22,3059.4500,3077.5000,3025.7000,3064.6000,82564
2024-04-19,3006.5000,3056.2500,2960.7000,3025.7000,103856
2024-04-18,3129.2500,3145.0500,3010.0000,3020.0000,94139
2024-04-16,3109.9500,3150.0000,3098.2500,3105.9500,87573
2024-04-15,3144.6000,3180.0000,3103.0000,3148.6000,107061
2024-04-12,3205.6500,3247.0000,3204.2500,3208.7500,49223
2024-04-10,3208.5500,3253.6500,3193.2000,3242.1500,21775
2024-04-09,3234.1500,3250.0000,3186.0000,3197.0500,25870
2024-04-08,3248.9500,3248.9500,3198.4000,3224.0500,24479
2024-04-05,3211.1000,3233.5500,3178.0000,3221.8500,62445
2024-04-04,3240.0500,3273.7000,3202.0000,3211.1000,79821
2024-04-03,3259.8500,3259.8500,3221.0500,3235.4000,30633
2024-04-02,3264.4500,3283.4000,3240.0000,3267.6500,28814
2024-04-01,3220.6500,3290.0000,3210.0000,3251.0500,47654
2024-03-28,3123.5000,3235.3000,3098.2000,3193.5500,153143
2024-03-27,3111.0500,3139.1000,3108.0000,3122.2500,24261
2024-03-26,3104.8500,3171.2500,3090.7500,3106.6000,30294
2024-03-22,3077.9500,3128.3500,3053.4000,3105.4500,38834
2024-03-21,3094.4500,3106.0000,3059.0000,3065.5000,36536
2024-03-20,3065.5500,3080.7000,3022.0000,3051.2500,45644
2024-03-19,3127.0000,3164.6500,3041.5500,3052.5000,61585
2024-03-18,3035.0500,3121.7500,2976.0000,3110.4000,223743
2024-03-15,3108.0000,3141.0500,3059.9500,3132.5000,132896
2024-03-14,2911.0500,3099.0000,2878.7500,3087.7000,125889
2024-03-13,3129.3000,3139.0000,2851.0000,2904.9500,153050
2024-03-12,3207.0500,3220.0000,3112.0000,3120.6500,54874
2024-03-11,3238.3500,3259.2500,3200.7000,3207.0000,34094
2024-03-07,3256.9500,3264.4000,3221.0000,3226.2500,34890
2024-03-06,3325.0000,3325.0000,3183.0500,3233.4000,62094
2024-03-05,3317.8000,3334.0000,3295.3000,3308.7000,25554
2024-03-04,3335.1500,3349.3500,3310.3500,3316.3000,50142
2024-03-01,3314.8500,3345.0000,3282.0000,3317.8000,113715
2024-02-29,3223.9000,3305.0000,3205.7500,3290.3500,44031
2024-02-28,3305.0500,3320.0000,3207.1000,3216.9500,46713
2024-02-27,3343.8500,3343.8500,3274.0000,3300.4500,39010
2024-02-26,3273.0000,3344.1000,3266.0000,3327.5500,66245
2024-02-23,3263.0000,3318.7500,3225.1000,3266.1500,288039
2024-02-22,3230.6500,3272.0500,3210.7500,3263.1000,79657
2024-02-21,3237.9000,3299.9500,3204.6500,3223.4500,160301
2024-02-20,3263.0500,3268.4000,3211.3000,3228.6500,100632
2024-02-19,3259.9500,3308.8500,3236.7500,3258.2000,73348
2024-02-16,3212.1000,3250.0000,3192.9000,3223.0000,140804
2024-02-15,3216.4500,3250.0000,3186.0000,3194.1500,125093
2024-02-14,3181.2000,3253.9500,3167.4000,3208.6500,161018
2024-02-13,3176.0500,3193.8000,3094.1500,3178.8500,56164
2024-02-12,3222.2500,3240.4500,3159.4500,3168.1000,50936
2024-02-09,3184.0000,3224.8000,3120.0000,3213.9500,206724
2024-02-08,3245.0000,3245.0000,3146.0500,3168.6500,52051
2024-02-07,3228.9500,3275.0000,3210.0000,3229.1000,164513
2024-02-06,3177.1500,3227.7500,3160.9000,3204.4500,71677
2024-02-05,3160.4000,3229.5000,3155.0000,3172.8000,79471
2024-02-02,3191.3000,3208.0000,3141.0500,3155.8000,115063
2024-02-01,3160.8000,3236.5500,3084.8000,3152.2500,169940
2024-01-31,3091.5500,3150.4000,3072.4000,3141.1000,221273
2024-01-30,3088.8500,3129.5000,3022.0000,3091.5500,138104
2024-01-29,2929.0000,3092.0000,2928.0000,3064.2000,397179
2024-01-25,2904.9000,2926.4000,2805.0500,2894.5500,92059
2024-01-24,2909.8500,2928.9500,2871.0500,2902.5000,120363
2024-01-23,3012.0000,3012.1000,2885.2000,2897.2500,144412
2024-01-19,2948.8000,2949.9500,2904.2500,2915.9500,49968
2024-01-18,2979.0000,2985.0000,2888.0000,2918.5500,97243
2024-01-17,3030.4500,3042.2500,2946.2000,2970.7500,167751
2024-01-16,3095.0000,3104.6000,3035.1000,3057.3000,127860
2024-01-15,3133.0500,3133.0500,3068.0000,3089.5000,146828
2024-01-12,3099.0000,3124.4500,3070.0000,3104.2500,89005
2024-01-11,3123.6000,3129.0000,3065.0000,3080.4500,171033
2024-01-10,3021.1500,3111.8500,3020.0000,3099.1500,464391
2024-01-09,2990.0000,3067.4500,2983.8000,3014.9000,338539
2024-01-08,3016.9500,3024.4500,2952.8500,2963.5500,187111
2024-01-05,3000.0000,3064.1500,2982.0000,3006.7000,369900
2024-01-04,3034.9500,3044.7500,2991.0500,2998.6000,310738
2024-01-03,3049.0000,3199.4500,2957.0500,3003.9500,1114801
2024-01-02,2928.3500,2947.0000,2842.0000,2932.0500,130160
2024-01-01,2850.0000,2947.8000,2842.0500,2916.9000,314472
2023-12-29,2820.2500,2862.0000,2803.0000,2849.0000,173611
2023-12-28,2853.0500,2867.4500,2801.4000,2812.5000,75717
2023-12-27,2880.0000,2895.9500,2835.0000,2842.8000,126454
2023-12-26,2817.0000,2892.9000,2799.7000,2868.8000,76342
2023-12-22,2817.0000,2848.0000,2791.3500,2807.4000,133933
2023-12-21,2745.6000,2821.4000,2723.0500,2801.6000,237420
2023-12-20,2950.0000,2968.0000,2768.9000,2785.5500,155510
2023-12-19,2985.1500,2993.4500,2915.1000,2941.0500,111079
2023-12-18,2997.0000,3026.7500,2960.2500,2979.2500,145531
2023-12-15,2908.6000,2999.5000,2892.2000,2990.2500,624056
2023-12-14,2900.0000,2931.0000,2888.0000,2894.1000,309483
2023-12-13,2857.4500,2899.0000,2806.2000,2875.8000,128054
2023-12-12,2865.0500,2894.8500,2840.0000,2857.4500,226532
2023-12-11,2834.0500,2918.8500,2812.2000,2855.9500,225160
2023-12-08,2909.5500,2926.2500,2761.0000,2821.4500,373620
2023-12-07,2905.0000,2945.7000,2850.4000,2886.3500,586754
2023-12-06,3093.3500,3155.0000,2843.5000,2885.2000,1993811
2023-12-05,2535.9000,2995.8000,2533.0000,2960.1000,1412595
2023-12-04,2540.0500,2598.5000,2488.3500,2529.3000,318155
2023-12-01,2373.9500,2402.0000,2355.3000,2362.3000,176125
2023-11-30,2404.9500,2408.0000,2342.7500,2359.5000,242033
2023-11-29,2476.0000,2476.7000,2390.0000,2396.7000,461532
2023-11-28,2285.0000,2489.0000,2270.8000,2423.7000,1136626
2023-11-24,2180.0000,2250.0000,2161.0500,2230.4500,68124
2023-11-23,2190.0000,2190.0000,2161.5000,2174.3000,24401
2023-11-22,2200.0000,2218.7500,2153.3000,2172.2500,106746
2023-11-21,2158.0000,2232.0000,2158.0000,2195.1500,144118
2023-11-20,2208.9000,2218.0000,2142.3000,2148.9500,62117
2023-11-17,2213.9500,2236.0000,2201.1000,2208.3500,120804
2023-11-16,2230.9500,2233.8000,2197.0000,2205.0000,39401
2023-11-15,2238.8000,2251.0000,2220.5000,2224.5000,23060
2023-11-13,2218.9500,2241.0000,2195.2500,2213.2000,75864
2023-11-10,2225.9500,2237.3000,2199.2000,2205.4000,99841
2023-11-09,2260.9500,2273.4000,2211.0000,2213.6500,45327
2023-11-08,2242.0500,2297.9500,2240.0000,2258.0500,105387
2023-11-07,2253.0500,2260.0000,2226.3000,2232.6000,95047
2023-11-06,2249.8000,2259.6000,2232.9500,2246.3000,115770
2023-11-03,2215.0000,2278.0000,2215.0000,2228.7500,62548
2023-11-02,2248.0000,2296.8500,2204.0000,2214.9000,151993
2023-11-01,2295.7500,2313.0000,2205.3000,2217.9000,54097
2023-10-31,2315.0500,2320.2000,2275.3000,2293.8500,61573
2023-10-30,2262.3500,2305.0000,2250.0000,2299.6500,44148
2023-10-27,2215.2500,2275.0000,2212.0500,2260.7500,72945
2023-10-26,2245.0500,2248.7500,2166.8000,2202.9000,268652
2023-10-25,2309.3000,2346.6500,2235.0500,2258.0500,149880
2023-10-23,2373.0500,2410.7000,2300.6000,2309.2500,84496
2023-10-20,2404.9500,2443.0000,2384.0000,2393.2500,45255
2023-10-19,2390.6000,2414.8500,2383.0000,2401.9000,35807
2023-10-18,2437.0500,2442.5500,2399.3500,2405.4000,46665
2023-10-17,2456.1000,2460.4500,2424.2000,2428.3000,81533
2023-10-16,2454.6500,2464.2500,2422.5500,2429.7000,111073
2023-10-13,2490.0000,2492.0000,2422.9500,2454.6500,131922
2023-10-12,2496.0500,2520.9000,2491.0000,2506.3000,73533
2023-10-11,2535.0000,2537.0000,2484.8000,2488.0500,93974
2023-10-10,2441.0000,2517.6000,2441.0000,2497.6500,84619
2023-10-09,2449.9500,2459.1000,2412.0500,2441.5500,60083
2023-10-06,2466.4500,2515.0000,2466.4500,2477.1000,122739
2023-10-05,2480.9500,2487.0000,2446.6500,2466.4500,52786
2023-10-04,2404.0000,2501.4000,2391.0500,2464.4000,301974
2023-10-03,2415.0500,2424.8000,2373.8000,2387.5500,63146
2023-09-29,2465.0000,2480.0500,2406.2000,2412.1500,92022
2023-09-28,2490.9500,2510.0000,2446.7500,2471.9000,48724
2023-09-27,2457.0500,2497.1500,2445.8000,2482.6000,32434
2023-09-26,2485.0000,2498.9000,2453.2000,2456.9000,55387
2023-09-25,2475.6000,2488.9000,2425.0000,2481.9500,96800
2023-09-22,2486.0500,2497.5500,2460.2000,2464.9500,72654
2023-09-21,2476.5500,2502.8000,2461.0000,2480.6000,106406
2023-09-20,2497.0500,2532.0000,2459.2000,2471.4000,124405
2023-09-18,2550.0000,2555.1000,2492.1000,2502.9500,40911
2023-09-15,2539.7500,2556.4500,2514.0500,2538.9000,42694
2023-09-14,2548.9500,2548.9500,2506.1000,2519.5000,52659
2023-09-13,2577.9500,2577.9500,2496.0000,2516.2000,115861
2023-09-12,2620.0500,2625.0000,2517.9500,2531.8500,133849
2023-09-11,2561.0500,2630.0000,2546.0000,2614.5500,424845
2023-09-08,2509.0500,2538.3500,2506.0000,2520.2000,79465
2023-09-07,2496.5000,2519.3500,2484.6500,2508.5000,62894
2023-09-06,2491.1000,2503.0000,2470.7500,2495.2500,253186
2023-09-05,2476.0500,2501.3000,2464.0000,2494.9000,179309
2023-09-04,2450.2000,2479.9000,2450.2000,2471.1000,165100
2023-09-01,2381.0000,2465.6000,2378.7000,2450.1000,234407
2023-08-31,2453.6500,2488.4500,2385.0000,2418.8000,514332
2023-08-30,2524.9500,2541.9500,2493.1500,2513.6000,101737
2023-08-29,2471.8500,2535.0000,2445.0500,2505.8000,190657
2023-08-28,2544.2000,2580.0000,2455.7000,2471.8500,210472
2023-08-25,2543.0500,2549.1500,2487.0500,2494.8500,136986
2023-08-24,2587.9500,2613.8000,2532.0000,2539.2500,220925
2023-08-23,2716.0500,2722.7500,2490.0500,2530.1000,274429
2023-08-22,2671.5000,2720.6500,2658.7000,2697.7000,255546
2023-08-21,2581.2500,2655.4000,2581.2500,2638.6000,217662
2023-08-18,2484.9500,2665.0000,2461.2000,2577.1000,515878
2023-08-17,2444.0500,2485.0000,2444.0500,2479.5500,89239
2023-08-16,2450.0000,2465.2500,2420.0000,2444.0000,87276
2023-08-14,2488.0000,2488.0000,2401.1000,2455.7000,291557
2023-08-11,2556.9500,2568.8500,2517.4000,2538.4500,140349
2023-08-10,2507.5500,2577.8500,2507.5500,2552.1000,217830
2023-08-09,2490.0000,2516.0000,2472.0000,2506.6500,185255
2023-08-08,2555.1500,2560.5000,2462.0000,2475.1500,303522
2023-08-07,2541.0000,2569.0000,2517.6000,2550.7000,87241
2023-08-04,2545.0000,2558.3500,2503.0000,2540.3500,132072
2023-08-03,2473.9500,2550.0000,2461.4500,2531.9000,184016
2023-08-02,2481.4000,2514.0000,2451.2000,2473.3000,133560
2023-08-01,2500.0000,2516.0000,2456.0000,2481.0000,100613
2023-07-31,2470.0000,2518.0000,2466.5500,2491.8000,149330
2023-07-28,2440.2500,2480.0000,2422.4500,2462.0500,247102
2023-07-27,2467.0000,2486.0000,2415.4500,2429.2500,137670
2023-07-26,2468.1000,2505.7500,2446.0500,2469.1000,185563
2023-07-25,2420.0500,2478.6500,2417.0000,2465.3500,261478
2023-07-24,2422.0500,2439.0000,2412.0500,2418.3500,126966
2023-07-21,2406.0500,2457.4000,2400.0000,2416.6500,105905
2023-07-20,2423.8000,2433.0000,2400.0000,2419.5500,78449
2023-07-19,2432.0000,2441.8500,2416.7000,2423.7000,79392
2023-07-18,2412.0000,2510.0000,2404.8000,2416.2000,335742
2023-07-17,2390.0500,2459.0000,2390.0500,2408.3000,349216
2023-07-14,2378.5000,2384.5000,2340.0000,2376.8500,150909
2023-07-13,2390.0500,2406.0000,2355.9500,2362.6500,187964
2023-07-12,2426.0500,2432.0000,2381.0000,2388.8500,75466
2023-07-11,2420.0000,2444.5000,2388.3000,2421.8000,94403
2023-07-10,2388.0000,2461.9000,2355.0000,2410.1500,155009
2023-07-07,2394.0000,2409.9500,2367.9500,2379.0000,156433
2023-07-06,2398.9500,2428.0000,2390.0500,2403.4000,99082
2023-07-05,2387.7000,2412.0000,2373.8000,2398.9500,162243
2023-07-04,2398.0000,2414.0000,2373.8000,2387.7000,100983
2023-07-03,2400.0000,2417.0000,2372.9000,2384.0500,114244
2023-06-30,2443.9500,2443.9500,2350.0500,2383.6000,639544
2023-06-28,2315.9500,2419.0000,2292.8500,2403.6500,440819
2023-06-27,2331.0500,2344.3000,2270.4000,2281.7500,337015
2023-06-26,2222.5500,2336.6500,2172.4500,2295.7000,476066
2023-06-23,2392.0000,2392.0000,2162.8500,2233.1000,874859
2023-06-22,2415.1000,2448.5000,2360.0000,2395.9000,306669
2023-06-21,2420.0500,2441.0500,2394.0000,2406.9500,114745
2023-06-20,2429.8000,2433.8000,2389.4500,2413.5500,207783
2023-06-19,2505.0000,2521.5500,2350.0000,2403.8000,342489
2023-06-16,2496.0000,2524.9000,2487.2000,2506.6500,168867
2023-06-15,2465.0500,2527.7500,2461.9000,2485.3000,170371
2023-06-14,2463.2000,2484.0000,2453.0000,2456.9500,84039
2023-06-13,2497.0000,2504.7000,2443.0500,2462.4000,203732
2023-06-12,2462.0000,2504.9500,2433.4000,2486.2000,127510
2023-06-09,2440.1000,2458.3500,2428.0000,2450.9000,104778
2023-06-08,2453.0000,2475.0000,2370.2500,2428.8500,383627
2023-06-07,2445.0500,2467.2500,2435.0000,2439.8000,262295
2023-06-06,2470.5500,2507.0000,2426.5500,2433.7000,292511
2023-06-05,2465.0000,2514.0000,2428.0000,2433.9500,116192
2023-06-02,2525.0500,2535.0000,2425.8000,2444.9500,297089
2023-06-01,2495.0000,2535.7000,2484.7500,2492.2500,165318
2023-05-31,2482.3000,2573.0000,2427.3500,2494.2500,190746
2023-05-30,2536.0000,2552.4000,2475.6500,2495.4000,74028
2023-05-29,2555.0500,2583.5000,2525.0000,2533.6000,125716
2023-05-26,2564.0000,2600.0000,2533.5000,2543.3500,174248
2023-05-25,2437.0000,2559.0000,2385.3500,2536.1000,835480
2023-05-24,2725.0000,2751.2500,2425.8500,2476.9000,1929079
2023-05-23,2427.0000,2736.1500,2400.1500,2632.2500,2033861
2023-05-22,2017.0000,2344.5000,1985.0000,2325.5500,3189754
2023-05-19,1892.0000,1982.3500,1873.6000,1956.9000,453823
2023-05-18,1917.9000,1919.9000,1881.0000,1888.0500,249195
2023-05-17,1892.1500,1920.0000,1858.9500,1899.6000,259730
2023-05-16,1929.0000,1934.8000,1880.4000,1887.8000,262694
2023-05-15,1964.0000,1964.0000,1878.9000,1915.7500,462850
2023-05-12,2010.0000,2011.8500,1947.4500,1964.8000,235433
2023-05-11,1923.0000,2013.5000,1916.6500,1984.6000,438941
2023-05-10,1902.9500,1914.7500,1884.1500,1892.1000,125260
2023-05-09,1895.3500,1929.9500,1888.7500,1895.1500,306783
2023-05-08,1925.0000,1925.0000,1875.0000,1887.6500,315301
2023-05-05,1965.0000,1965.0000,1903.3500,1921.0500,413670
2023-05-04,1849.9500,1935.0000,1841.0000,1909.3000,294131
2023-05-03,1921.0500,1939.0000,1786.1000,1838.5500,656054
2023-05-02,1933.6000,1965.7000,1907.5500,1920.0500,240923
2023-04-28,1860.0500,1943.9000,1858.6000,1923.9000,294066
2023-04-27,1845.0000,1864.0000,1833.9000,1852.6500,153147
2023-04-26,1852.0000,1873.8500,1826.6000,1848.0000,277719
2023-04-25,1803.0000,1913.6000,1802.3000,1845.4500,462780
2023-04-24,1801.0000,1817.3000,1775.8000,1802.3000,92752
2023-04-21,1848.0000,1852.1500,1796.6500,1802.3500,98433
2023-04-20,1853.2500,1878.9500,1836.7000,1842.8500,88663
2023-04-19,1843.0500,1877.8500,1835.1000,1853.2500,117863
2023-04-18,1887.0000,1901.9500,1830.0000,1850.5000,233141
2023-04-17,1861.0500,1905.0000,1847.0000,1879.3000,131744
2023-04-13,1854.0000,1884.6000,1825.7000,1870.0500,345592
2023-04-12,1810.1000,1858.4500,1796.9000,1847.3000,203558
2023-04-11,1805.0500,1828.6000,1792.0000,1802.3000,273309
2023-04-10,1768.0500,1812.0000,1762.9500,1797.3000,207749
2023-04-06,1707.0000,1793.0000,1688.7000,1752.9500,270986
2023-04-05,1712.6500,1737.8500,1671.9000,1697.9000,298447
2023-04-03,1748.0000,1752.7000,1695.7500,1717.5500,164552
2023-03-31,1779.0000,1824.7500,1739.0000,1750.0000,459249
2023-03-29,1595.0000,1755.0000,1590.4000,1741.6500,783405
2023-03-28,1725.6000,1733.3000,1573.0000,1601.5500,727298
2023-03-27,1737.7500,1757.8500,1682.0000,1723.3000,270842
2023-03-24,1795.2000,1823.0000,1695.0500,1740.5500,339616
2023-03-23,1795.0000,1834.4500,1780.0000,1792.6000,255728
2023-03-22,1832.0000,1850.0000,1791.6500,1814.2000,351958
2023-03-21,1836.0000,1860.0000,1804.6000,1824.2500,384697
2023-03-20,1839.0500,1843.0500,1771.5000,1805.1000,480336
2023-03-17,1904.0000,1919.6500,1845.0000,1877.1500,298111
2023-03-16,1860.0000,1875.0500,1794.2000,1842.6000,300822
2023-03-15,1765.0000,1891.1000,1727.6000,1838.8000,571867
2023-03-14,1872.0000,1873.9500,1675.4000,1737.7500,683891
2023-03-13,1902.0000,1985.0000,1855.8000,1873.6000,761268
2023-03-10,1873.0500,1939.0500,1821.0000,1896.4500,483722
2023-03-09,2044.1000,2068.7500,1903.8500,1953.1000,1333387
2023-03-08,2040.0000,2085.4500,1942.1000,2039.6500,835151
2023-03-06,2000.0000,2135.0000,1855.0500,1982.8500,1758460
2023-03-03,1699.0000,1905.0000,1690.3500,1879.3500,1413077
2023-03-02,1501.0000,1646.0000,1408.1000,1606.7000,41017910
2023-03-01,1418.0000,1580.0000,1410.0000,1564.5500,1736654
2023-02-28,1138.0000,1421.9500,1103.0000,1364.0500,2070706
2023-02-27,1304.0000,1313.0000,1157.0000,1194.2000,651629
2023-02-24,1405.0000,1426.9500,1261.0500,1314.7500,865620
2023-02-23,1375.0000,1439.0500,1350.0000,1383.6000,722478
2023-02-22,1539.7000,1560.0000,1381.0500,1404.8500,614801
2023-02-21,1620.0000,1644.3500,1550.0000,1568.4000,272056
2023-02-20,1641.0000,1685.0000,1561.1000,1619.5500,307074
2023-02-17,1813.0000,1815.0000,1705.0000,1721.7500,308300
2023-02-16,1820.0000,1873.9000,1790.5500,1796.3000,310819
2023-02-15,1784.0000,1825.0000,1750.3000,1778.4500,594354
2023-02-14,1730.0000,1889.0000,1611.3000,1750.3000,787056
2023-02-13,1847.3500,1921.0000,1662.6500,1717.5500,1130582
2023-02-10,1765.0000,1990.0000,1734.6000,1847.3500,902453
2023-02-09,2200.0000,2200.0000,1726.9500,1927.3000,1205512
2023-02-08,1870.0000,2220.9000,1843.9000,2158.6500,1231884
2023-02-07,1568.0500,1965.5000,1525.0500,1802.5000,1224629
2023-02-06,1597.9500,1612.9000,1433.6000,1572.4000,1198814
2023-02-03,1499.0000,1678.9000,1017.1000,1584.2000,2407391
2023-02-02,2341.5500,2341.5500,1513.9000,1564.7000,2007736
2023-02-01,3030.0000,3030.0000,1942.0000,2128.7000,967171
2023-01-31,2980.0000,3072.9500,2918.6000,2975.0000,568974
2023-01-30,2771.0500,3038.3500,2666.0000,2878.5000,1747957
2023-01-27,3300.0000,3342.2500,2712.0000,2762.1500,872950
2023-01-25,3420.0000,3424.7000,3315.7000,3389.8500,120627
2023-01-24,3440.1000,3506.6500,3429.0500,3442.7500,48027
2023-01-23,3454.7500,3459.9500,3414.0000,3434.5000,51149
2023-01-20,3455.0000,3476.9500,3439.9000,3456.4000,40698
2023-01-19,3463.5000,3537.8500,3427.0500,3461.6000,111715
2023-01-18,3642.0000,3647.7000,3528.6500,3595.3500,89673
2023-01-17,3611.2500,3649.0500,3560.0500,3638.8500,42123
2023-01-16,3722.0000,3739.0000,3598.6500,3619.0000,75078
2023-01-13,3654.0000,3736.2000,3642.9500,3721.4000,42252
2023-01-12,3636.0000,3679.4000,3613.0000,3645.3500,33421
2023-01-11,3660.0000,3663.5500,3558.0000,3635.2000,118498
2023-01-10,3858.0000,3862.1500,3554.3000,3647.2000,111428
2023-01-09,3832.0500,3879.0000,3813.2500,3854.2000,45973
2023-01-06,3829.1000,3868.0000,3799.6000,3824.3500,33126
2023-01-05,3834.9000,3842.0000,3759.0000,3829.1000,35948
2023-01-04,3833.1000,3874.5000,3805.0000,3827.5500,26349
2023-01-03,3836.0000,3852.8500,3791.0000,3830.3500,18280
2023-01-02,3874.7000,3874.7000,3821.0000,3840.7000,37446
2022-12-30,3812.1000,3899.3000,3812.1000,3859.3500,40484
2022-12-29,3794.0000,3825.0000,3750.0000,3810.0000,39597
2022-12-28,3761.9000,3824.9500,3746.2000,3796.9500,51895
2022-12-27,3738.0000,3796.8000,3697.9000,3769.6500,49689
2022-12-26,3647.0000,3745.0000,3620.5000,3715.6500,59522
2022-12-23,3813.0000,3846.7000,3617.0000,3640.9500,126632
2022-12-22,3918.3000,3944.9000,3818.1000,3867.1000,148443
2022-12-21,4172.0000,4189.5500,3883.4500,3902.9500,127404
2022-12-20,4099.0000,4172.9000,4066.0000,4164.2500,120005
2022-12-19,3994.0000,4104.5500,3973.0000,4081.3000,29508
2022-12-16,4001.0500,4047.0000,3946.0000,3979.1000,35649
2022-12-15,4048.1000,4070.2000,4026.0500,4043.0500,43241
2022-12-14,4089.9500,4091.4000,4043.9000,4056.4000,26723
2022-12-13,4038.0000,4072.8500,4011.6000,4058.8500,23269
2022-12-12,4000.0000,4030.9000,3970.0000,4016.6000,28866
2022-12-09,4045.0000,4093.0000,3944.5000,3995.8000,99343
2022-12-08,4002.0000,4046.0500,4002.0000,4025.5500,28026
2022-12-07,4026.0000,4056.5500,3985.3000,3998.3000,36742
2022-12-06,3915.0000,4057.3500,3912.4500,4031.0000,92271
2022-12-05,3925.0000,3937.0000,3810.2500,3929.5500,76258
2022-12-02,3901.0000,3961.0000,3885.8000,3921.4500,36469
2022-12-01,3938.0000,3944.5500,3902.4500,3914.9000,43890
2022-11-30,3908.9500,3939.6500,3866.7500,3920.0500,108200
2022-11-29,3880.0000,3916.2000,3864.7500,3879.2000,38066
2022-11-28,3892.0000,3925.0000,3871.3000,3885.2500,54084
2022-11-25,3925.0500,3950.9500,3847.2500,3903.3500,84085
2022-11-24,3912.2000,3935.0000,3822.0000,3922.0000,109450
2022-11-23,4048.1000,4060.0000,3873.0500,3903.6500,131366
2022-11-22,4014.0000,4056.0000,3987.3000,4035.6000,41648
2022-11-21,4017.0000,4017.0000,3920.8000,4001.1000,63917
2022-11-18,4060.0000,4060.0000,3985.4000,4019.8500,36718
2022-11-17,3980.0000,4032.0000,3900.1500,4017.6500,64000
2022-11-16,4069.0000,4098.1000,3864.8500,3956.4500,85505
2022-11-15,4022.0000,4065.0000,4022.0000,4057.5500,60100
2022-11-14,3997.0500,4077.7000,3995.0000,4021.0500,57502
2022-11-11,4049.0000,4049.0000,3975.0500,4008.7000,78668
2022-11-10,3997.1500,4028.0000,3962.7500,3992.9000,73105
2022-11-09,3970.0500,4047.2500,3943.3500,3997.1500,198050
2022-11-07,3840.1500,4015.0000,3820.6000,3961.1500,231469
2022-11-04,3630.0000,3850.0000,3566.2000,3832.3500,308319
2022-11-03,3541.0000,3613.1000,3541.0000,3591.1000,51974
2022-11-02,3575.6000,3625.0000,3526.0000,3578.0000,82645
2022-11-01,3351.1000,3605.0000,3351.1000,3575.6000,142943
2022-10-31,3335.0000,3360.0000,3327.1000,3346.3500,35373
2022-10-28,3333.4500,3386.0000,3299.9500,3325.6500,218409
2022-10-27,3310.5000,3353.0000,3297.8500,3324.9000,88497
2022-10-25,3315.0000,3346.0000,3294.7000,3300.0000,24727
2022-10-21,3379.4000,3380.2500,3286.5500,3310.9500,66336
2022-10-20,3256.0000,3365.7000,3246.0000,3357.3000,91140
2022-10-19,3313.9500,3313.9500,3258.0500,3277.0000,112817
2022-10-18,3269.9500,3297.0000,3224.9500,3285.0000,57034
2022-10-17,3209.5000,3234.9500,3138.0000,3212.1000,429616
2022-10-14,3261.0500,3304.5000,3194.1000,3208.0000,47570
2022-10-13,3219.7500,3262.0000,3189.0000,3233.6000,96086
2022-10-12,3310.0000,3310.0000,3141.1000,3224.2500,98788
2022-10-11,3253.1500,3338.0000,3250.5500,3273.3500,97671
2022-10-10,3235.0000,3277.9000,3216.0000,3247.4000,45433
2022-10-07,3285.0000,3308.8500,3227.5500,3277.5000,88156
2022-10-06,3261.0000,3317.5000,3207.3500,3285.9000,169021
2022-10-04,3234.0000,3290.0000,3125.9500,3238.4000,170082
2022-10-03,3454.0000,3459.0500,3105.9000,3157.1500,285344
2022-09-30,3451.0000,3524.0000,3370.4500,3451.0000,333007
2022-09-29,3577.0000,3662.2500,3426.3000,3472.0000,241104
2022-09-28,3530.0000,3595.0000,3505.0500,3549.1000,69060
2022-09-27,3600.0000,3630.0000,3484.2500,3557.7000,152763
2022-09-26,3647.0000,3657.8000,3532.8000,3589.7500,104378
2022-09-23,3727.0000,3740.0000,3653.5000,3673.9000,111854
2022-09-22,3641.4500,3736.3000,3570.0000,3716.7000,200018
2022-09-21,3831.0000,3862.2000,3572.6500,3641.4500,284028
2022-09-20,3822.0000,3883.7000,3808.9000,3835.8000,135711
2022-09-19,3748.0000,3800.0000,3679.7000,3778.9000,338215
2022-09-16,3764.8000,3865.6000,3614.7000,3701.9000,297234
2022-09-15,3609.0000,3765.9500,3580.0000,3749.1500,125869
2022-09-14,3500.0000,3611.0000,3500.0000,3571.6500,114480
2022-09-13,3485.0000,3567.6500,3422.0000,3556.1500,86789
2022-09-12,3460.0000,3495.0000,3456.2000,3461.3500,44955
2022-09-09,3470.0000,3506.1000,3416.0000,3450.6500,58794
2022-09-08,3499.0000,3503.8000,3450.0000,3461.9500,109924
2022-09-07,3443.4000,3488.0000,3415.0500,3473.8500,114449
2022-09-06,3360.2000,3447.0000,3360.2000,3435.8500,133000
2022-09-05,3370.0500,3432.0000,3312.8000,3347.0500,187839
2022-09-02,3263.0000,3369.4500,3226.8000,3356.9500,159559
2022-09-01,3215.0000,3244.7500,3186.0000,3232.7500,79320
2022-08-30,3178.0000,3262.5500,3163.4000,3193.6000,164864
2022-08-29,3059.0000,3165.0000,3041.2500,3142.7000,81715
2022-08-26,3078.0000,3172.0000,3078.0000,3139.4500,159194
2022-08-25,3164.0000,3177.4500,3055.7500,3066.8000,164737
2022-08-24,3039.8500,3151.6500,2987.0000,3136.6000,138941
2022-08-23,3033.1500,3075.0000,2929.0500,3023.6500,447369
2022-08-22,3130.0000,3192.2500,3029.7500,3052.0000,148427
2022-08-19,3177.0000,3258.0500,3075.1000,3129.0500,308626
2022-08-18,3014.0000,3186.6500,3002.4500,3153.6500,168784
2022-08-17,2980.2000,3028.6000,2980.0500,3008.9000,48398
2022-08-16,2882.0000,2985.0000,2872.5000,2974.8500,56881
2022-08-12,2845.9500,2870.4500,2834.6000,2864.3500,24320
2022-08-11,2850.0000,2850.0000,2816.3500,2833.2500,37404
2022-08-10,2800.0000,2835.0000,2780.7000,2826.8500,54625
2022-08-08,2698.0000,2807.7500,2697.0000,2792.3500,38467
2022-08-05,2764.0000,2768.4500,2685.1000,2697.6000,55985
2022-08-04,2718.0000,2743.8000,2683.4500,2723.2000,68468
2022-08-03,2689.0000,2717.9500,2672.0000,2711.5500,23565
2022-08-02,2661.0000,2696.0000,2641.0500,2682.9000,35782
2022-08-01,2580.0000,2668.5500,2569.3000,2658.9000,369198
2022-07-29,2565.0000,2622.0000,2560.4500,2569.4000,45275
2022-07-28,2559.0000,2564.4000,2532.0000,2550.8000,20464
2022-07-27,2560.5500,2572.0000,2526.9500,2547.7000,38124
2022-07-26,2559.0000,2567.8000,2534.0000,2560.5500,32760
2022-07-25,2500.0000,2561.3500,2500.0000,2549.8500,41028
2022-07-22,2509.9500,2515.0000,2483.2000,2499.0000,40226
2022-07-21,2455.9000,2499.0000,2452.8500,2495.9500,39849
2022-07-20,2474.0000,2474.0000,2443.5000,2451.1000,26095
2022-07-19,2413.5000,2459.0000,2405.0000,2450.5500,51062
2022-07-18,2426.0000,2440.5000,2407.0000,2424.0000,356111
2022-07-15,2413.9500,2422.7500,2377.1000,2404.7000,68448
2022-07-14,2369.0000,2403.9500,2338.0000,2385.9500,22051
2022-07-13,2375.8000,2384.6500,2334.0000,2352.4500,39650
2022-07-12,2331.9000,2389.0000,2331.9000,2365.8500,46862
2022-07-11,2304.9000,2384.9500,2294.4500,2371.5500,97571
2022-07-08,2279.9500,2301.0000,2263.5000,2293.0500,37573
2022-07-07,2280.0000,2294.8000,2256.1000,2275.2500,32102
2022-07-06,2249.0000,2276.6000,2240.7500,2271.4500,19741
2022-07-05,2260.9000,2290.3000,2237.6000,2245.4000,45310
2022-07-04,2234.0000,2276.0000,2231.0500,2260.6000,41601
2022-07-01,2190.0000,2240.0000,2140.5000,2231.6000,47602
2022-06-30,2220.0000,2248.5500,2180.9500,2189.8500,49911
2022-06-29,2185.0000,2247.9500,2177.0500,2220.8000,59692
2022-06-28,2162.1000,2210.7500,2160.2000,2205.0000,31379
2022-06-27,2190.0000,2210.4500,2168.8500,2181.4000,51616
2022-06-24,2111.2000,2168.0500,2109.1000,2161.5000,38936
2022-06-23,2109.0000,2127.5500,2080.0000,2109.4500,95762
2022-06-22,2155.0000,2155.0000,2078.0500,2089.2000,91891
2022-06-21,2092.3000,2176.8500,2092.0500,2160.9000,49098
2022-06-20,2098.3000,2121.3000,2025.0000,2083.2000,76139
2022-06-17,2068.0000,2135.0000,2060.1000,2096.0500,84694
2022-06-16,2200.0000,2220.0000,2076.7500,2082.8500,68000
2022-06-15,2222.0000,2222.0000,2175.3000,2184.3000,63216
2022-06-14,2100.0000,2220.0000,2053.0000,2196.5000,284954
2022-06-13,2175.0000,2175.0000,2070.7000,2081.4500,53677
2022-06-10,2198.0000,2214.0000,2171.0000,2201.1500,54799
2022-06-09,2167.0000,2223.8000,2160.5000,2218.2000,30376
2022-06-08,2248.0000,2248.0000,2159.4500,2176.4500,38934
2022-06-07,2228.0000,2254.4000,2208.0000,2226.5500,68183
2022-06-06,2198.0000,2230.0000,2168.8500,2224.1000,37405
2022-06-03,2237.9000,2241.9000,2175.6500,2189.2500,80631
2022-06-02,2148.0000,2216.1000,2143.0000,2209.8500,58237
2022-06-01,2169.0000,2189.1000,2126.0000,2150.8000,82516
2022-05-31,2167.0000,2225.9500,2150.6000,2167.7500,136230
2022-05-30,2110.0000,2174.3000,2106.9500,2165.6500,48646
2022-05-27,2090.0000,2091.4000,2047.9500,2080.1000,66428
2022-05-26,2070.0000,2087.9000,1906.0500,2047.7000,163328
2022-05-25,2172.0000,2178.0000,2067.4000,2075.1000,59767
2022-05-24,2170.0000,2178.0000,2143.5000,2160.4000,26880
2022-05-23,2227.0000,2245.3500,2158.0000,2168.9500,64383
2022-05-20,2159.0000,2232.5500,2150.2000,2223.3000,45301
2022-05-19,2150.0000,2154.0000,2075.0000,2114.0000,44445
2022-05-18,2204.9000,2216.5500,2173.0000,2179.4000,61182
2022-05-17,2135.0000,2192.0000,2120.0000,2184.5000,47059
2022-05-16,2099.0000,2150.0000,2058.1000,2107.0500,115726
2022-05-13,2084.7500,2133.4500,2035.8500,2055.0500,63221
2022-05-12,2102.2000,2112.0000,2012.1000,2042.6000,94962
2022-05-11,2102.0000,2157.0500,2076.8000,2119.6500,78396
2022-05-10,2190.0000,2220.0500,2097.0000,2110.4500,85284
2022-05-09,2238.0000,2243.5500,2180.5500,2197.9500,82408
2022-05-06,2210.0000,2262.6000,2199.0500,2246.5500,57114
2022-05-05,2280.0000,2303.9000,2236.1000,2256.7500,262742
2022-05-04,2354.4500,2363.9500,2233.6500,2248.0500,422665
2022-05-02,2313.3500,2361.4000,2310.4500,2339.3000,96469
2022-04-29,2389.0000,2394.0000,2301.9000,2333.1000,174534
2022-04-28,2352.0000,2389.7500,2336.6500,2378.9000,101337
2022-04-27,2405.0000,2420.0000,2326.0000,2334.6000,166481
2022-04-26,2303.9000,2419.7000,2294.8500,2397.0000,253308
2022-04-25,2260.0000,2298.4500,2241.5500,2287.2000,198249
2022-04-22,2300.0000,2305.6500,2265.0000,2274.1000,143136
2022-04-21,2203.2000,2292.9000,2203.2000,2286.5500,77981
2022-04-20,2188.0000,2207.0000,2162.1500,2183.9500,71714
2022-04-19,2249.7000,2255.0000,2141.3500,2170.6500,98613
2022-04-18,2185.9000,2239.9000,2157.0000,2232.9500,50628
2022-04-13,2213.0000,2216.1500,2174.2500,2198.8000,82788
2022-04-12,2192.0000,2219.0500,2156.0000,2198.2500,99908
2022-04-11,2294.0000,2294.0000,2159.8000,2178.6500,95951
2022-04-08,2109.6000,2175.9500,2105.9000,2170.7000,93236
2022-04-07,2169.0000,2215.0000,2081.8000,2098.6000,241709
2022-04-06,2157.0000,2182.7500,2125.6000,2160.0000,155028
2022-04-05,2071.0000,2198.0000,2067.8500,2141.8500,260943
2022-04-04,2058.0000,2076.0000,2032.1500,2065.6000,138444
2022-04-01,2016.0000,2048.7000,2014.0000,2044.2500,96586
2022-03-31,2014.9000,2042.2000,1990.0000,2015.7000,100515
2022-03-30,1930.0000,2014.2000,1918.0000,1993.9500,207395
2022-03-29,1923.8000,1930.0000,1886.0500,1915.8500,106848
2022-03-28,1875.0000,1924.0000,1850.6000,1908.5500,1325278
2022-03-25,1851.6500,1899.0000,1822.2000,1869.6000,325855
2022-03-24,1812.0000,1838.8500,1800.0000,1832.6500,44456
2022-03-23,1844.5000,1849.7000,1801.3500,1812.1000,47853
2022-03-22,1792.0000,1836.7500,1790.5500,1831.3500,58525
2022-03-21,1842.0000,1842.0000,1797.0000,1803.0000,37645
2022-03-17,1771.0000,1823.0000,1759.3000,1818.5500,62959
2022-03-16,1718.1000,1763.8000,1718.1000,1757.4500,69918
2022-03-15,1730.2000,1753.4000,1688.7000,1702.4500,42080
2022-03-14,1735.9500,1752.0000,1722.6500,1735.9500,29188
2022-03-11,1749.9500,1756.5500,1722.0000,1733.6000,51931
2022-03-10,1689.0000,1749.9500,1679.7500,1742.4500,77916
2022-03-09,1605.1000,1669.0000,1605.1000,1656.4500,51461
2022-03-08,1571.5000,1606.7000,1553.4000,1600.7500,117808
2022-03-07,1577.0000,1591.4000,1539.8000,1564.7500,190289
2022-03-04,1625.0000,1654.4000,1601.3000,1615.9000,85917
2022-03-03,1665.0000,1677.8500,1635.6000,1644.3500,100682
2022-03-02,1644.0000,1663.9500,1620.0000,1640.8500,43416
2022-02-28,1609.9500,1650.6000,1594.5000,1643.2500,68523
2022-02-25,1600.0000,1638.3000,1585.3000,1618.0000,93470
2022-02-24,1645.5500,1647.7000,1529.5500,1547.0500,163813
2022-02-23,1672.5500,1716.3500,1672.5500,1687.6500,68907
2022-02-22,1648.9000,1678.5000,1630.5500,1668.3000,72642
2022-02-21,1735.7000,1736.1500,1674.7000,1684.3500,52931
2022-02-18,1736.0000,1754.0000,1725.9000,1735.7000,40009
2022-02-17,1754.8000,1762.0000,1724.0500,1730.5500,52198
2022-02-16,1750.0000,1776.0500,1729.0500,1737.9500,81044
2022-02-15,1641.0000,1751.4000,1628.2500,1743.4500,154647
2022-02-14,1732.0000,1739.4000,1654.0500,1663.5000,117092
2022-02-11,1770.0000,1775.1000,1743.7000,1763.0500,45365
2022-02-10,1792.0000,1808.8500,1765.1000,1784.0500,92504
2022-02-09,1718.0000,1791.0000,1718.0000,1783.5000,69797
2022-02-08,1741.0000,1746.0000,1678.2000,1714.2500,115843
2022-02-07,1762.0000,1764.9000,1722.2500,1731.7500,47064
2022-02-04,1764.0000,1770.4500,1734.0000,1756.6500,58120
2022-02-03,1780.0000,1786.5500,1746.6000,1753.2500,29997
2022-02-02,1752.0000,1785.7500,1747.0000,1774.8500,287835
2022-02-01,1734.9000,1764.9500,1699.3000,1747.6500,93675
2022-01-31,1713.0000,1733.6500,1705.6500,1715.6500,83210
2022-01-28,1691.0000,1743.2000,1685.5500,1694.7000,79214
2022-01-27,1732.0000,1732.0000,1655.2500,1684.7500,204067
2022-01-25,1682.0000,1750.0000,1676.6500,1740.2500,111112
2022-01-24,1812.0000,1827.0000,1697.8500,1715.9000,150583
2022-01-21,1877.0000,1877.0000,1811.0000,1828.6500,77994
2022-01-20,1864.0000,1879.8000,1844.9000,1865.4500,99165
2022-01-19,1842.0000,1856.5500,1811.8000,1849.2000,96107
2022-01-18,1883.7000,1908.5500,1830.6500,1841.8500,101034
2022-01-17,1885.0000,1900.9000,1856.2500,1877.2000,177542
2022-01-14,1855.0000,1890.0000,1830.7000,1871.8000,136481
2022-01-13,1839.0000,1861.9500,1808.9500,1853.9500,119022
2022-01-12,1883.0000,1883.0000,1809.3500,1829.9000,134657
2022-01-11,1760.0000,1850.0000,1736.5000,1843.8500,237343
2022-01-10,1700.2000,1766.6500,1699.9000,1751.5000,92502
2022-01-07,1725.0000,1730.0000,1689.6500,1700.2000,40115
2022-01-06,1707.0000,1723.0000,1676.8500,1712.3500,184669
2022-01-05,1725.0000,1744.3000,1704.0000,1722.5000,81434
2022-01-04,1722.0500,1727.9500,1699.7500,1718.6500,34860
2022-01-03,1710.0000,1733.1000,1710.0000,1716.6000,29134
2021-12-31,1692.0000,1725.0000,1692.0000,1708.5500,81085
2021-12-30,1719.0000,1724.6500,1685.8000,1697.0500,35433
2021-12-29,1752.0000,1754.9000,1710.0000,1717.6500,55651
2021-12-28,1746.5500,1759.9000,1728.6500,1751.5500,83811
2021-12-27,1697.9500,1738.8500,1688.1500,1728.7500,58947
2021-12-24,1684.0000,1703.8000,1659.0000,1696.4500,47393
2021-12-23,1680.0000,1684.8000,1658.7000,1676.1500,39358
2021-12-22,1628.0000,1662.7000,1627.5000,1657.3000,36634
2021-12-21,1627.0000,1645.6500,1603.0000,1619.9500,104062
2021-12-20,1637.8000,1637.8000,1556.0000,1591.9000,121168
2021-12-17,1704.7000,1704.7000,1600.0000,1643.5000,118375
2021-12-16,1717.0000,1719.9500,1686.9500,1701.3500,60962
2021-12-15,1727.0000,1727.0000,1688.0000,1696.2000,34838
2021-12-14,1715.0000,1727.5500,1682.8000,1719.0500,52000
2021-12-13,1759.0000,1761.9500,1711.0000,1719.7000,55228
2021-12-10,1714.0000,1787.3000,1710.1500,1739.9500,147941
2021-12-09,1728.0000,1738.9500,1706.7500,1723.2000,57909
2021-12-08,1679.7000,1725.7000,1679.7000,1715.2000,61224
2021-12-07,1665.0000,1686.2500,1654.0000,1679.7000,57921
2021-12-06,1706.0000,1727.2000,1640.2000,1646.3000,88898
2021-12-03,1735.0000,1745.0000,1700.0000,1708.2000,87868
2021-12-02,1699.9000,1734.9500,1687.6000,1732.6000,77140
2021-12-01,1698.9000,1704.6500,1652.6000,1693.3000,69342
2021-11-30,1669.0000,1718.0000,1648.9000,1661.0000,110072
2021-11-29,1635.0000,1697.0000,1608.9500,1668.3500,174686
2021-11-26,1740.0000,1768.7500,1663.0500,1669.5500,274166
2021-11-25,1763.8000,1774.0000,1736.3000,1763.2000,105361
2021-11-24,1722.0000,1788.0000,1713.7500,1754.6500,188141
2021-11-23,1655.0000,1720.0000,1648.8000,1707.4500,94244
2021-11-22,1685.2000,1701.4500,1642.7500,1675.5500,169001
2021-11-18,1714.0000,1714.0000,1667.5500,1688.8000,173376
2021-11-17,1711.9000,1729.0000,1683.3000,1704.7000,82161
2021-11-16,1763.0000,1766.5000,1706.7500,1711.3000,168555
2021-11-15,1715.0000,1764.5000,1692.6000,1749.8000,160619
2021-11-12,1684.0000,1718.0000,1671.0500,1704.9500,204360
2021-11-11,1652.0000,1704.0000,1642.0000,1664.4500,202059
2021-11-10,1620.0000,1686.1000,1620.0000,1655.2500,266769
2021-11-09,1561.0000,1659.0000,1557.0500,1635.6500,207630
2021-11-08,1494.7000,1575.8500,1485.3000,1567.3500,176244
2021-11-03,1472.4500,1500.0000,1465.0000,1486.2000,52850
2021-11-02,1451.3000,1488.3000,1451.3000,1472.4500,96753
2021-11-01,1444.5000,1456.6500,1411.0500,1446.0000,110033
2021-10-29,1399.0000,1454.7500,1377.1000,1423.5000,179707
2021-10-28,1553.0000,1565.4500,1344.6000,1392.9500,408707
2021-10-27,1552.0000,1580.4000,1546.0000,1567.7000,79508
2021-10-26,1533.0000,1557.0000,1522.0500,1544.0500,59327
2021-10-25,1547.0000,1551.0000,1494.8000,1534.4000,209939
2021-10-22,1595.0000,1609.1500,1536.8000,1542.6000,115647
2021-10-21,1598.0000,1626.5500,1581.3000,1595.8500,150796
2021-10-20,1577.9000,1606.7000,1539.6500,1589.7500,426523
2021-10-19,1625.0000,1636.5000,1562.5500,1569.7500,77047
2021-10-18,1671.0000,1672.5500,1562.0000,1611.8000,226498
2021-10-14,1573.0000,1656.3500,1573.0000,1646.4500,191301
2021-10-13,1570.0000,1608.1000,1551.1000,1568.5500,315882
2021-10-12,1543.0000,1566.6500,1515.0000,1554.0000,109299
2021-10-11,1555.0000,1563.0000,1533.0000,1539.8500,328610
2021-10-08,1526.0000,1569.5500,1511.4000,1547.1000,94813
2021-10-07,1496.0000,1535.1000,1491.0500,1519.8000,75221
2021-10-06,1531.0000,1541.5000,1472.8000,1479.4500,126329
2021-10-05,1520.0000,1557.6500,1510.7500,1527.7000,222269
2021-10-04,1476.7000,1530.9500,1460.2000,1527.0500,144657
2021-10-01,1465.2500,1468.1000,1422.5000,1458.2000,103030
2021-09-30,1490.0000,1518.6500,1462.3000,1467.1000,101408
2021-09-29,1470.0000,1497.4500,1464.6500,1486.1000,63983
2021-09-28,1559.0000,1559.0000,1475.0500,1486.5500,115071
2021-09-27,1461.0000,1546.7000,1461.0000,1530.0000,205388
2021-09-24,1486.0000,1515.7000,1454.0500,1461.3000,109337
2021-09-23,1449.2000,1479.9000,1442.0000,1474.1000,353340
2021-09-22,1444.0000,1462.1500,1425.6000,1438.1500,55416
2021-09-21,1420.8500,1447.0000,1381.3000,1441.1500,154208
2021-09-20,1469.0000,1488.1000,1411.4000,1420.8500,89057
2021-09-17,1506.5000,1525.0000,1466.3500,1480.2000,180416
2021-09-16,1524.0000,1529.2000,1500.0000,1503.2000,155436
2021-09-15,1515.0000,1545.0000,1497.0000,1517.4500,262158
2021-09-14,1544.0000,1547.3500,1497.0000,1515.9000,153351
2021-09-13,1549.7500,1557.7500,1525.4500,1532.3000,68576
2021-09-09,1564.0000,1565.9000,1535.3500,1544.5000,46509
2021-09-08,1560.0000,1578.0000,1538.5500,1555.8500,69825
2021-09-07,1585.5000,1590.6500,1551.9500,1557.4500,95980
2021-09-06,1574.0000,1628.1000,1566.4500,1582.1000,201659
2021-09-03,1584.8000,1584.8000,1552.0000,1565.5000,62094
2021-09-02,1575.0000,1593.8000,1565.9500,1569.6500,77748
2021-09-01,1595.0000,1600.5000,1562.0000,1565.0500,199609
2021-08-31,1516.1000,1596.1000,1512.5500,1588.0000,296972
2021-08-30,1513.8000,1526.7500,1493.3500,1516.1000,167589
2021-08-27,1477.0000,1516.3500,1475.0500,1506.6000,316729
2021-08-26,1484.0000,1494.5500,1461.4000,1476.1500,174808
2021-08-25,1448.6000,1481.6500,1425.4000,1474.7500,345676
2021-08-24,1418.0000,1448.2500,1390.5000,1437.4000,159818
2021-08-23,1414.0000,1428.3000,1362.2000,1396.4500,370086
2021-08-20,1449.0000,1481.4000,1405.4000,1427.4500,175904
2021-08-18,1451.0000,1496.9500,1433.0000,1459.4000,436117
2021-08-17,1434.9000,1450.9000,1416.7500,1441.3500,175457
2021-08-16,1437.0000,1449.5500,1414.1500,1430.7000,112779
2021-08-13,1445.0000,1454.0000,1427.5500,1436.5500,197472
2021-08-12,1448.0000,1458.0000,1431.0500,1444.0000,219223
2021-08-11,1448.0000,1457.0000,1407.2000,1437.0500,251567
2021-08-10,1490.9500,1498.2500,1426.5000,1447.3500,213602
2021-08-09,1545.0000,1565.0000,1485.0000,1493.3000,393897
2021-08-06,1417.0000,1554.9500,1417.0000,1536.4000,928081
2021-08-05,1429.5500,1437.5000,1408.3000,1432.6000,200469
2021-08-04,1463.7000,1463.7000,1422.6500,1429.4500,220690
2021-08-03,1470.0000,1470.0000,1422.6000,1443.0000,205356
2021-08-02,1435.5500,1444.0000,1424.0000,1437.2500,266470
2021-07-30,1409.0000,1448.9500,1401.4000,1420.9000,288120
2021-07-29,1405.1500,1424.5000,1397.7000,1401.4000,276085
2021-07-28,1410.0000,1424.5000,1378.5000,1399.9500,213337
